Feature,Importance
thalach,0.13540390858045515
cp,0.1271631127965407
thal,0.12293951044335155
ca,0.10081060261222384
age,0.09132710810712827
oldpeak,0.08935772727465059
chol,0.08868138019356311
trestbps,0.08071584723437025
exang,0.05073037979325837
slope,0.04662627312303875
sex,0.035946970428660206
restecg,0.01838927420679548
fbs,0.011907905205963893
